stage,epoch,train_loss,val_loss,val_accuracy,val_macro_f1
1,1,1.480446822302682,1.2831773541190408,0.7727272727272727,0.7619047619047619
1,2,1.197242215701512,1.1029095432975076,0.8636363636363636,0.8520634920634921
1,3,1.001411003158206,0.9954700686714866,0.8636363636363636,0.8520634920634921
1,4,0.8874567290147145,0.9322948022322222,0.9090909090909091,0.9099999999999999
1,5,0.8048231391679673,0.8842345747080717,0.9545454545454546,0.9555555555555555
1,6,0.7508801800864083,0.8500418012792413,0.9545454545454546,0.9555555555555555
1,7,0.7118952972548348,0.8277916799892079,0.9545454545454546,0.9555555555555555
1,8,0.6897979032425653,0.805759771303697,0.9545454545454546,0.9555555555555555
2,9,0.6526556945982434,0.7527888092127714,0.9545454545454546,0.9555555555555555
2,10,0.5190517357417516,0.7002726684917103,1.0,1.0
2,11,0.4771797299385071,0.6772477084940131,0.9545454545454546,0.9555555555555555
2,12,0.436875886008853,0.656231013211337,1.0,1.0
2,13,0.420140947898229,0.6517749049446799,1.0,1.0
2,14,0.41672539710998535,0.652975548397411,1.0,1.0
2,15,0.4199523267291841,0.6549655307422985,1.0,1.0
